1,0.4807692307692308,0.6258503401360545,0.3191489361702128,0.3943661971830986,0.44752113096782664,0.6216216216216216,0.3409090909090909,0.3684210526315789,0.4436505883874305,0.6301369863013698,0.3,0.42424242424242425,0.451459803514598,"[46, 17, 10]","[21, 15, 14]","[7, 12, 14]"
2,0.42948717948717946,0.5882352941176471,0.1917808219178082,0.3488372093023256,0.38079816730564275,0.6081081081081081,0.1590909090909091,0.39473684210526316,0.3873119531014268,0.569620253164557,0.2413793103448276,0.3125,0.3744998545031282,"[45, 20, 14]","[13, 7, 9]","[16, 17, 15]"
0,0.48717948717948717,0.6578947368421052,0.25641025641025644,0.3902439024390244,0.4370896917452578,0.6756756756756757,0.22727272727272727,0.42105263157894735,0.44133367817578345,0.6410256410256411,0.29411764705882354,0.36363636363636365,0.43292655057360935,"[50, 17, 11]","[13, 10, 11]","[11, 17, 16]"
3,0.36538461538461536,0.5594405594405595,0.18367346938775508,0.22535211267605634,0.323974478982326,0.5405405405405406,0.20454545454545456,0.21052631578947367,0.31853743695848963,0.5797101449275363,0.16666666666666666,0.24242424242424243,0.3296003513394818,"[40, 17, 12]","[27, 9, 18]","[7, 18, 8]"
4,0.4423076923076923,0.5578231292517007,0.23376623376623376,0.4318181818181818,0.4120299340254092,0.5540540540540541,0.20454545454545456,0.5,0.4195331695331695,0.5616438356164384,0.2727272727272727,0.38,0.40479036944790375,"[41, 20, 12]","[17, 9, 7]","[16, 15, 19]"
6,0.48717948717948717,0.6285714285714286,0.3116883116883117,0.42105263157894735,0.4624603254888754,0.5945945945945946,0.2727272727272727,0.5263157894736842,0.46454588559851717,0.6666666666666666,0.36363636363636365,0.3508771929824561,0.4603934077618288,"[44, 13, 9]","[12, 12, 9]","[18, 19, 20]"
7,0.4551282051282051,0.6052631578947368,0.2105263157894737,0.40476190476190477,0.4099028304939057,0.6216216216216216,0.18181818181818182,0.4473684210526316,0.4169360748308117,0.5897435897435898,0.25,0.3695652173913043,0.40310293571163136,"[46, 22, 10]","[13, 8, 11]","[15, 14, 17]"
5,0.4807692307692308,0.6103896103896105,0.3170731707317074,0.39473684210526316,0.44161137703711284,0.6351351351351351,0.29545454545454547,0.39473684210526316,0.44177550756498124,0.5875,0.34210526315789475,0.39473684210526316,0.44144736842105264,"[47, 19, 14]","[16, 13, 9]","[11, 12, 15]"
8,0.4807692307692308,0.6293706293706294,0.3,0.40449438202247195,0.44881201737467047,0.6081081081081081,0.2727272727272727,0.47368421052631576,0.4515065304538988,0.6521739130434783,0.3333333333333333,0.35294117647058826,0.4461494742824666,"[45, 15, 9]","[13, 12, 11]","[16, 17, 18]"
9,0.41025641025641024,0.5655172413793104,0.15584415584415584,0.37777777777777777,0.37046598089849014,0.5540540540540541,0.13636363636363635,0.4473684210526316,0.37926203715677403,0.5774647887323944,0.18181818181818182,0.3269230769230769,0.36206868249121765,"[41, 19, 11]","[17, 6, 10]","[16, 19, 17]"
datasize,156

ID,Accuracy,f_0,f_1,f_2,f_m,r_0,r_1,r_2,r_m,p_0,p_1,p_2,p_m,+1,0,-1
1,"{'criterion': 'gini', 'max_depth': 5, 'min_samples_split': 4, 'n_estimators': 10}","{'criterion': 'entropy', 'max_depth': 1, 'min_samples_split': 4, 'n_estimators': 30}","{'criterion': 'entropy', 'max_depth': 8, 'min_samples_split': 4, 'n_estimators': 30}","{'criterion': 'entropy', 'max_depth': 3, 'min_samples_split': 4, 'n_estimators': 10}","{'criterion': 'entropy', 'max_depth': 9, 'min_samples_split': 4, 'n_estimators': 10}","{'criterion': 'gini', 'max_depth': 6, 'min_samples_split': 4, 'n_estimators': 20}","{'criterion': 'entropy', 'max_depth': 7, 'min_samples_split': 4, 'n_estimators': 10}","{'criterion': 'gini', 'max_depth': 3, 'min_samples_split': 4, 'n_estimators': 10}","{'criterion': 'gini', 'max_depth': 8, 'min_samples_split': 4, 'n_estimators': 30}","{'criterion': 'gini', 'max_depth': 9, 'min_samples_split': 4, 'n_estimators': 10}","{'criterion': 'gini', 'max_depth': 1, 'min_samples_split': 4, 'n_estimators': 20}","{'criterion': 'gini', 'max_depth': 8, 'min_samples_split': 4, 'n_estimators': 10}","{'criterion': 'gini', 'max_depth': 5, 'min_samples_split': 4, 'n_estimators': 10}","{'criterion': 'gini', 'max_depth': 6, 'min_samples_split': 4, 'n_estimators': 10}","{'criterion': 'gini', 'max_depth': 1, 'min_samples_split': 4, 'n_estimators': 30}","{'criterion': 'gini', 'max_depth': 4, 'min_samples_split': 4, 'n_estimators': 10}","{'criterion': 'gini', 'max_depth': 2, 'min_samples_split': 4, 'n_estimators': 10}","{'criterion': 'gini', 'max_depth': 4, 'min_samples_split': 4, 'n_estimators': 20}","{'criterion': 'gini', 'max_depth': 1, 'min_samples_split': 4, 'n_estimators': 40}","{'criterion': 'gini', 'max_depth': 4, 'min_samples_split': 4, 'n_estimators': 10}","{'criterion': 'gini', 'max_depth': 9, 'min_samples_split': 4, 'n_estimators': 10}","{'criterion': 'gini', 'max_depth': 2, 'min_samples_split': 4, 'n_estimators': 10}","{'criterion': 'entropy', 'max_depth': 4, 'min_samples_split': 4, 'n_estimators': 30}","{'criterion': 'entropy', 'max_depth': 4, 'min_samples_split': 4, 'n_estimators': 20}","{'criterion': 'gini', 'max_depth': 1, 'min_samples_split': 4, 'n_estimators': 40}","{'criterion': 'gini', 'max_depth': 1, 'min_samples_split': 4, 'n_estimators': 40}","{'criterion': 'gini', 'max_depth': 1, 'min_samples_split': 4, 'n_estimators': 30}","{'criterion': 'gini', 'max_depth': 1, 'min_samples_split': 4, 'n_estimators': 10}","{'criterion': 'entropy', 'max_depth': 1, 'min_samples_split': 4, 'n_estimators': 30}","{'criterion': 'gini', 'max_depth': 2, 'min_samples_split': 4, 'n_estimators': 10}","{'criterion': 'entropy', 'max_depth': 1, 'min_samples_split': 4, 'n_estimators': 30}","{'criterion': 'gini', 'max_depth': 2, 'min_samples_split': 4, 'n_estimators': 40}","{'criterion': 'entropy', 'max_depth': 1, 'min_samples_split': 4, 'n_estimators': 30}","{'criterion': 'entropy', 'max_depth': 1, 'min_samples_split': 4, 'n_estimators': 40}","{'criterion': 'gini', 'max_depth': 8, 'min_samples_split': 4, 'n_estimators': 10}","{'criterion': 'gini', 'max_depth': 1, 'min_samples_split': 4, 'n_estimators': 10}","{'criterion': 'entropy', 'max_depth': 1, 'min_samples_split': 4, 'n_estimators': 20}","{'criterion': 'gini', 'max_depth': 1, 'min_samples_split': 4, 'n_estimators': 30}","{'criterion': 'entropy', 'max_depth': 1, 'min_samples_split': 4, 'n_estimators': 30}"
2,"{'criterion': 'entropy', 'max_depth': 3, 'min_samples_split': 4, 'n_estimators': 30}","{'criterion': 'entropy', 'max_depth': 7, 'min_samples_split': 4, 'n_estimators': 10}","{'criterion': 'entropy', 'max_depth': 8, 'min_samples_split': 4, 'n_estimators': 20}","{'criterion': 'gini', 'max_depth': 1, 'min_samples_split': 4, 'n_estimators': 10}","{'criterion': 'gini', 'max_depth': 2, 'min_samples_split': 4, 'n_estimators': 10}","{'criterion': 'entropy', 'max_depth': 2, 'min_samples_split': 4, 'n_estimators': 10}","{'criterion': 'gini', 'max_depth': 4, 'min_samples_split': 4, 'n_estimators': 40}","{'criterion': 'gini', 'max_depth': 7, 'min_samples_split': 4, 'n_estimators': 10}","{'criterion': 'entropy', 'max_depth': 8, 'min_samples_split': 4, 'n_estimators': 20}","{'criterion': 'entropy', 'max_depth': 3, 'min_samples_split': 4, 'n_estimators': 20}","{'criterion': 'entropy', 'max_depth': 2, 'min_samples_split': 4, 'n_estimators': 30}","{'criterion': 'gini', 'max_depth': 1, 'min_samples_split': 4, 'n_estimators': 30}","{'criterion': 'gini', 'max_depth': 1, 'min_samples_split': 4, 'n_estimators': 40}","{'criterion': 'gini', 'max_depth': 2, 'min_samples_split': 4, 'n_estimators': 40}","{'criterion': 'entropy', 'max_depth': 4, 'min_samples_split': 4, 'n_estimators': 30}","{'criterion': 'gini', 'max_depth': 2, 'min_samples_split': 4, 'n_estimators': 10}","{'criterion': 'gini', 'max_depth': 1, 'min_samples_split': 4, 'n_estimators': 10}","{'criterion': 'gini', 'max_depth': 2, 'min_samples_split': 4, 'n_estimators': 30}","{'criterion': 'entropy', 'max_depth': 2, 'min_samples_split': 4, 'n_estimators': 20}","{'criterion': 'gini', 'max_depth': 2, 'min_samples_split': 4, 'n_estimators': 10}","{'criterion': 'entropy', 'max_depth': 2, 'min_samples_split': 4, 'n_estimators': 10}","{'criterion': 'entropy', 'max_depth': 2, 'min_samples_split': 4, 'n_estimators': 10}","{'criterion': 'gini', 'max_depth': 2, 'min_samples_split': 4, 'n_estimators': 20}","{'criterion': 'gini', 'max_depth': 2, 'min_samples_split': 4, 'n_estimators': 10}","{'criterion': 'gini', 'max_depth': 2, 'min_samples_split': 4, 'n_estimators': 10}","{'criterion': 'entropy', 'max_depth': 2, 'min_samples_split': 4, 'n_estimators': 10}","{'criterion': 'entropy', 'max_depth': 1, 'min_samples_split': 4, 'n_estimators': 40}","{'criterion': 'entropy', 'max_depth': 2, 'min_samples_split': 4, 'n_estimators': 10}","{'criterion': 'gini', 'max_depth': 4, 'min_samples_split': 4, 'n_estimators': 10}","{'criterion': 'entropy', 'max_depth': 2, 'min_samples_split': 4, 'n_estimators': 10}","{'criterion': 'gini', 'max_depth': 1, 'min_samples_split': 4, 'n_estimators': 30}","{'criterion': 'gini', 'max_depth': 1, 'min_samples_split': 4, 'n_estimators': 20}","{'criterion': 'entropy', 'max_depth': 2, 'min_samples_split': 4, 'n_estimators': 20}","{'criterion': 'gini', 'max_depth': 9, 'min_samples_split': 4, 'n_estimators': 30}","{'criterion': 'entropy', 'max_depth': 2, 'min_samples_split': 4, 'n_estimators': 10}","{'criterion': 'entropy', 'max_depth': 1, 'min_samples_split': 4, 'n_estimators': 20}","{'criterion': 'gini', 'max_depth': 4, 'min_samples_split': 4, 'n_estimators': 20}","{'criterion': 'entropy', 'max_depth': 3, 'min_samples_split': 4, 'n_estimators': 20}","{'criterion': 'gini', 'max_depth': 2, 'min_samples_split': 4, 'n_estimators': 30}"
0,"{'criterion': 'entropy', 'max_depth': 7, 'min_samples_split': 4, 'n_estimators': 30}","{'criterion': 'entropy', 'max_depth': 1, 'min_samples_split': 4, 'n_estimators': 10}","{'criterion': 'gini', 'max_depth': 6, 'min_samples_split': 4, 'n_estimators': 20}","{'criterion': 'entropy', 'max_depth': 1, 'min_samples_split': 4, 'n_estimators': 10}","{'criterion': 'gini', 'max_depth': 1, 'min_samples_split': 4, 'n_estimators': 30}","{'criterion': 'gini', 'max_depth': 1, 'min_samples_split': 4, 'n_estimators': 30}","{'criterion': 'gini', 'max_depth': 4, 'min_samples_split': 4, 'n_estimators': 20}","{'criterion': 'gini', 'max_depth': 9, 'min_samples_split': 4, 'n_estimators': 30}","{'criterion': 'gini', 'max_depth': 1, 'min_samples_split': 4, 'n_estimators': 40}","{'criterion': 'gini', 'max_depth': 1, 'min_samples_split': 4, 'n_estimators': 20}","{'criterion': 'entropy', 'max_depth': 6, 'min_samples_split': 4, 'n_estimators': 20}","{'criterion': 'entropy', 'max_depth': 1, 'min_samples_split': 4, 'n_estimators': 20}","{'criterion': 'entropy', 'max_depth': 1, 'min_samples_split': 4, 'n_estimators': 40}","{'criterion': 'gini', 'max_depth': 1, 'min_samples_split': 4, 'n_estimators': 30}","{'criterion': 'entropy', 'max_depth': 7, 'min_samples_split': 4, 'n_estimators': 30}","{'criterion': 'gini', 'max_depth': 1, 'min_samples_split': 4, 'n_estimators': 30}","{'criterion': 'entropy', 'max_depth': 1, 'min_samples_split': 4, 'n_estimators': 30}","{'criterion': 'gini', 'max_depth': 3, 'min_samples_split': 4, 'n_estimators': 20}","{'criterion': 'gini', 'max_depth': 1, 'min_samples_split': 4, 'n_estimators': 10}","{'criterion': 'entropy', 'max_depth': 1, 'min_samples_split': 4, 'n_estimators': 30}","{'criterion': 'entropy', 'max_depth': 9, 'min_samples_split': 4, 'n_estimators': 30}","{'criterion': 'gini', 'max_depth': 2, 'min_samples_split': 4, 'n_estimators': 30}","{'criterion': 'gini', 'max_depth': 1, 'min_samples_split': 4, 'n_estimators': 30}","{'criterion': 'gini', 'max_depth': 1, 'min_samples_split': 4, 'n_estimators': 30}","{'criterion': 'gini', 'max_depth': 3, 'min_samples_split': 4, 'n_estimators': 20}","{'criterion': 'entropy', 'max_depth': 1, 'min_samples_split': 4, 'n_estimators': 10}","{'criterion': 'gini', 'max_depth': 2, 'min_samples_split': 4, 'n_estimators': 40}","{'criterion': 'entropy', 'max_depth': 2, 'min_samples_split': 4, 'n_estimators': 20}","{'criterion': 'gini', 'max_depth': 1, 'min_samples_split': 4, 'n_estimators': 30}","{'criterion': 'gini', 'max_depth': 1, 'min_samples_split': 4, 'n_estimators': 40}","{'criterion': 'gini', 'max_depth': 1, 'min_samples_split': 4, 'n_estimators': 30}","{'criterion': 'gini', 'max_depth': 3, 'min_samples_split': 4, 'n_estimators': 30}","{'criterion': 'entropy', 'max_depth': 1, 'min_samples_split': 4, 'n_estimators': 30}","{'criterion': 'entropy', 'max_depth': 1, 'min_samples_split': 4, 'n_estimators': 40}","{'criterion': 'entropy', 'max_depth': 2, 'min_samples_split': 4, 'n_estimators': 30}","{'criterion': 'gini', 'max_depth': 1, 'min_samples_split': 4, 'n_estimators': 40}","{'criterion': 'entropy', 'max_depth': 2, 'min_samples_split': 4, 'n_estimators': 30}","{'criterion': 'gini', 'max_depth': 2, 'min_samples_split': 4, 'n_estimators': 20}","{'criterion': 'gini', 'max_depth': 2, 'min_samples_split': 4, 'n_estimators': 10}"
3,"{'criterion': 'gini', 'max_depth': 7, 'min_samples_split': 4, 'n_estimators': 20}","{'criterion': 'gini', 'max_depth': 4, 'min_samples_split': 4, 'n_estimators': 10}","{'criterion': 'entropy', 'max_depth': 3, 'min_samples_split': 4, 'n_estimators': 10}","{'criterion': 'gini', 'max_depth': 5, 'min_samples_split': 4, 'n_estimators': 10}","{'criterion': 'entropy', 'max_depth': 7, 'min_samples_split': 4, 'n_estimators': 10}","{'criterion': 'entropy', 'max_depth': 6, 'min_samples_split': 4, 'n_estimators': 30}","{'criterion': 'entropy', 'max_depth': 6, 'min_samples_split': 4, 'n_estimators': 10}","{'criterion': 'entropy', 'max_depth': 8, 'min_samples_split': 4, 'n_estimators': 10}","{'criterion': 'entropy', 'max_depth': 2, 'min_samples_split': 4, 'n_estimators': 30}","{'criterion': 'entropy', 'max_depth': 1, 'min_samples_split': 4, 'n_estimators': 10}","{'criterion': 'entropy', 'max_depth': 2, 'min_samples_split': 4, 'n_estimators': 10}","{'criterion': 'gini', 'max_depth': 7, 'min_samples_split': 4, 'n_estimators': 10}","{'criterion': 'gini', 'max_depth': 2, 'min_samples_split': 4, 'n_estimators': 30}","{'criterion': 'entropy', 'max_depth': 1, 'min_samples_split': 4, 'n_estimators': 10}","{'criterion': 'gini', 'max_depth': 3, 'min_samples_split': 4, 'n_estimators': 10}","{'criterion': 'entropy', 'max_depth': 8, 'min_samples_split': 4, 'n_estimators': 30}","{'criterion': 'gini', 'max_depth': 6, 'min_samples_split': 4, 'n_estimators': 20}","{'criterion': 'gini', 'max_depth': 1, 'min_samples_split': 4, 'n_estimators': 20}","{'criterion': 'gini', 'max_depth': 2, 'min_samples_split': 4, 'n_estimators': 30}","{'criterion': 'gini', 'max_depth': 2, 'min_samples_split': 4, 'n_estimators': 30}","{'criterion': 'entropy', 'max_depth': 7, 'min_samples_split': 4, 'n_estimators': 10}","{'criterion': 'entropy', 'max_depth': 3, 'min_samples_split': 4, 'n_estimators': 20}","{'criterion': 'gini', 'max_depth': 1, 'min_samples_split': 4, 'n_estimators': 20}","{'criterion': 'gini', 'max_depth': 1, 'min_samples_split': 4, 'n_estimators': 20}","{'criterion': 'entropy', 'max_depth': 7, 'min_samples_split': 4, 'n_estimators': 10}","{'criterion': 'gini', 'max_depth': 1, 'min_samples_split': 4, 'n_estimators': 20}","{'criterion': 'gini', 'max_depth': 1, 'min_samples_split': 4, 'n_estimators': 30}","{'criterion': 'gini', 'max_depth': 1, 'min_samples_split': 4, 'n_estimators': 10}","{'criterion': 'entropy', 'max_depth': 2, 'min_samples_split': 4, 'n_estimators': 10}","{'criterion': 'gini', 'max_depth': 2, 'min_samples_split': 4, 'n_estimators': 40}","{'criterion': 'gini', 'max_depth': 1, 'min_samples_split': 4, 'n_estimators': 20}","{'criterion': 'gini', 'max_depth': 7, 'min_samples_split': 4, 'n_estimators': 10}","{'criterion': 'entropy', 'max_depth': 5, 'min_samples_split': 4, 'n_estimators': 10}","{'criterion': 'gini', 'max_depth': 5, 'min_samples_split': 4, 'n_estimators': 10}","{'criterion': 'entropy', 'max_depth': 8, 'min_samples_split': 4, 'n_estimators': 10}","{'criterion': 'gini', 'max_depth': 1, 'min_samples_split': 4, 'n_estimators': 10}","{'criterion': 'gini', 'max_depth': 2, 'min_samples_split': 4, 'n_estimators': 10}","{'criterion': 'entropy', 'max_depth': 1, 'min_samples_split': 4, 'n_estimators': 20}","{'criterion': 'gini', 'max_depth': 3, 'min_samples_split': 4, 'n_estimators': 40}"
4,"{'criterion': 'gini', 'max_depth': 2, 'min_samples_split': 4, 'n_estimators': 20}","{'criterion': 'entropy', 'max_depth': 2, 'min_samples_split': 4, 'n_estimators': 30}","{'criterion': 'gini', 'max_depth': 2, 'min_samples_split': 4, 'n_estimators': 20}","{'criterion': 'gini', 'max_depth': 2, 'min_samples_split': 4, 'n_estimators': 20}","{'criterion': 'entropy', 'max_depth': 7, 'min_samples_split': 4, 'n_estimators': 10}","{'criterion': 'entropy', 'max_depth': 2, 'min_samples_split': 4, 'n_estimators': 10}","{'criterion': 'gini', 'max_depth': 2, 'min_samples_split': 4, 'n_estimators': 20}","{'criterion': 'entropy', 'max_depth': 2, 'min_samples_split': 4, 'n_estimators': 20}","{'criterion': 'entropy', 'max_depth': 2, 'min_samples_split': 4, 'n_estimators': 10}","{'criterion': 'gini', 'max_depth': 2, 'min_samples_split': 4, 'n_estimators': 20}","{'criterion': 'gini', 'max_depth': 1, 'min_samples_split': 4, 'n_estimators': 20}","{'criterion': 'gini', 'max_depth': 1, 'min_samples_split': 4, 'n_estimators': 20}","{'criterion': 'entropy', 'max_depth': 1, 'min_samples_split': 4, 'n_estimators': 20}","{'criterion': 'entropy', 'max_depth': 2, 'min_samples_split': 4, 'n_estimators': 30}","{'criterion': 'gini', 'max_depth': 1, 'min_samples_split': 4, 'n_estimators': 30}","{'criterion': 'gini', 'max_depth': 1, 'min_samples_split': 4, 'n_estimators': 30}","{'criterion': 'entropy', 'max_depth': 2, 'min_samples_split': 4, 'n_estimators': 10}","{'criterion': 'entropy', 'max_depth': 1, 'min_samples_split': 4, 'n_estimators': 40}","{'criterion': 'entropy', 'max_depth': 2, 'min_samples_split': 4, 'n_estimators': 30}","{'criterion': 'gini', 'max_depth': 1, 'min_samples_split': 4, 'n_estimators': 20}","{'criterion': 'entropy', 'max_depth': 1, 'min_samples_split': 4, 'n_estimators': 10}","{'criterion': 'gini', 'max_depth': 1, 'min_samples_split': 4, 'n_estimators': 30}","{'criterion': 'entropy', 'max_depth': 1, 'min_samples_split': 4, 'n_estimators': 30}","{'criterion': 'gini', 'max_depth': 1, 'min_samples_split': 4, 'n_estimators': 30}","{'criterion': 'entropy', 'max_depth': 1, 'min_samples_split': 4, 'n_estimators': 20}","{'criterion': 'gini', 'max_depth': 2, 'min_samples_split': 4, 'n_estimators': 20}","{'criterion': 'gini', 'max_depth': 1, 'min_samples_split': 4, 'n_estimators': 10}","{'criterion': 'entropy', 'max_depth': 1, 'min_samples_split': 4, 'n_estimators': 20}","{'criterion': 'entropy', 'max_depth': 2, 'min_samples_split': 4, 'n_estimators': 30}","{'criterion': 'entropy', 'max_depth': 1, 'min_samples_split': 4, 'n_estimators': 10}","{'criterion': 'entropy', 'max_depth': 2, 'min_samples_split': 4, 'n_estimators': 30}","{'criterion': 'gini', 'max_depth': 4, 'min_samples_split': 4, 'n_estimators': 20}","{'criterion': 'entropy', 'max_depth': 2, 'min_samples_split': 4, 'n_estimators': 10}","{'criterion': 'gini', 'max_depth': 1, 'min_samples_split': 4, 'n_estimators': 20}","{'criterion': 'entropy', 'max_depth': 1, 'min_samples_split': 4, 'n_estimators': 40}","{'criterion': 'gini', 'max_depth': 1, 'min_samples_split': 4, 'n_estimators': 20}","{'criterion': 'gini', 'max_depth': 3, 'min_samples_split': 4, 'n_estimators': 10}","{'criterion': 'entropy', 'max_depth': 1, 'min_samples_split': 4, 'n_estimators': 30}","{'criterion': 'entropy', 'max_depth': 9, 'min_samples_split': 4, 'n_estimators': 10}"
6,"{'criterion': 'gini', 'max_depth': 6, 'min_samples_split': 4, 'n_estimators': 20}","{'criterion': 'entropy', 'max_depth': 1, 'min_samples_split': 4, 'n_estimators': 10}","{'criterion': 'gini', 'max_depth': 2, 'min_samples_split': 4, 'n_estimators': 20}","{'criterion': 'entropy', 'max_depth': 5, 'min_samples_split': 4, 'n_estimators': 20}","{'criterion': 'entropy', 'max_depth': 1, 'min_samples_split': 4, 'n_estimators': 30}","{'criterion': 'gini', 'max_depth': 6, 'min_samples_split': 4, 'n_estimators': 30}","{'criterion': 'gini', 'max_depth': 3, 'min_samples_split': 4, 'n_estimators': 20}","{'criterion': 'gini', 'max_depth': 8, 'min_samples_split': 4, 'n_estimators': 10}","{'criterion': 'gini', 'max_depth': 4, 'min_samples_split': 4, 'n_estimators': 20}","{'criterion': 'gini', 'max_depth': 7, 'min_samples_split': 4, 'n_estimators': 40}","{'criterion': 'gini', 'max_depth': 4, 'min_samples_split': 4, 'n_estimators': 20}","{'criterion': 'entropy', 'max_depth': 1, 'min_samples_split': 4, 'n_estimators': 40}","{'criterion': 'entropy', 'max_depth': 4, 'min_samples_split': 4, 'n_estimators': 10}","{'criterion': 'gini', 'max_depth': 4, 'min_samples_split': 4, 'n_estimators': 30}","{'criterion': 'gini', 'max_depth': 5, 'min_samples_split': 4, 'n_estimators': 30}","{'criterion': 'entropy', 'max_depth': 1, 'min_samples_split': 4, 'n_estimators': 10}","{'criterion': 'entropy', 'max_depth': 1, 'min_samples_split': 4, 'n_estimators': 30}","{'criterion': 'gini', 'max_depth': 3, 'min_samples_split': 4, 'n_estimators': 10}","{'criterion': 'entropy', 'max_depth': 2, 'min_samples_split': 4, 'n_estimators': 10}","{'criterion': 'entropy', 'max_depth': 2, 'min_samples_split': 4, 'n_estimators': 10}","{'criterion': 'entropy', 'max_depth': 2, 'min_samples_split': 4, 'n_estimators': 10}","{'criterion': 'entropy', 'max_depth': 2, 'min_samples_split': 4, 'n_estimators': 10}","{'criterion': 'entropy', 'max_depth': 2, 'min_samples_split': 4, 'n_estimators': 10}","{'criterion': 'entropy', 'max_depth': 1, 'min_samples_split': 4, 'n_estimators': 40}","{'criterion': 'entropy', 'max_depth': 2, 'min_samples_split': 4, 'n_estimators': 10}","{'criterion': 'entropy', 'max_depth': 8, 'min_samples_split': 4, 'n_estimators': 10}","{'criterion': 'entropy', 'max_depth': 2, 'min_samples_split': 4, 'n_estimators': 10}","{'criterion': 'entropy', 'max_depth': 2, 'min_samples_split': 4, 'n_estimators': 10}","{'criterion': 'entropy', 'max_depth': 8, 'min_samples_split': 4, 'n_estimators': 10}","{'criterion': 'gini', 'max_depth': 2, 'min_samples_split': 4, 'n_estimators': 10}","{'criterion': 'entropy', 'max_depth': 6, 'min_samples_split': 4, 'n_estimators': 40}","{'criterion': 'gini', 'max_depth': 7, 'min_samples_split': 4, 'n_estimators': 10}","{'criterion': 'entropy', 'max_depth': 5, 'min_samples_split': 4, 'n_estimators': 10}","{'criterion': 'gini', 'max_depth': 2, 'min_samples_split': 4, 'n_estimators': 20}","{'criterion': 'gini', 'max_depth': 5, 'min_samples_split': 4, 'n_estimators': 10}","{'criterion': 'gini', 'max_depth': 1, 'min_samples_split': 4, 'n_estimators': 40}","{'criterion': 'entropy', 'max_depth': 2, 'min_samples_split': 4, 'n_estimators': 10}","{'criterion': 'entropy', 'max_depth': 1, 'min_samples_split': 4, 'n_estimators': 30}","{'criterion': 'gini', 'max_depth': 1, 'min_samples_split': 4, 'n_estimators': 30}"
7,"{'criterion': 'entropy', 'max_depth': 8, 'min_samples_split': 4, 'n_estimators': 20}","{'criterion': 'gini', 'max_depth': 5, 'min_samples_split': 4, 'n_estimators': 10}","{'criterion': 'gini', 'max_depth': 4, 'min_samples_split': 4, 'n_estimators': 10}","{'criterion': 'gini', 'max_depth': 6, 'min_samples_split': 4, 'n_estimators': 30}","{'criterion': 'gini', 'max_depth': 5, 'min_samples_split': 4, 'n_estimators': 20}","{'criterion': 'gini', 'max_depth': 5, 'min_samples_split': 4, 'n_estimators': 20}","{'criterion': 'entropy', 'max_depth': 2, 'min_samples_split': 4, 'n_estimators': 20}","{'criterion': 'gini', 'max_depth': 5, 'min_samples_split': 4, 'n_estimators': 10}","{'criterion': 'entropy', 'max_depth': 4, 'min_samples_split': 4, 'n_estimators': 10}","{'criterion': 'entropy', 'max_depth': 1, 'min_samples_split': 4, 'n_estimators': 10}","{'criterion': 'gini', 'max_depth': 8, 'min_samples_split': 4, 'n_estimators': 20}","{'criterion': 'entropy', 'max_depth': 4, 'min_samples_split': 4, 'n_estimators': 10}","{'criterion': 'gini', 'max_depth': 2, 'min_samples_split': 4, 'n_estimators': 10}","{'criterion': 'gini', 'max_depth': 2, 'min_samples_split': 4, 'n_estimators': 30}","{'criterion': 'entropy', 'max_depth': 2, 'min_samples_split': 4, 'n_estimators': 10}","{'criterion': 'gini', 'max_depth': 2, 'min_samples_split': 4, 'n_estimators': 20}","{'criterion': 'gini', 'max_depth': 1, 'min_samples_split': 4, 'n_estimators': 10}","{'criterion': 'entropy', 'max_depth': 1, 'min_samples_split': 4, 'n_estimators': 10}","{'criterion': 'gini', 'max_depth': 4, 'min_samples_split': 4, 'n_estimators': 30}","{'criterion': 'gini', 'max_depth': 1, 'min_samples_split': 4, 'n_estimators': 40}","{'criterion': 'gini', 'max_depth': 1, 'min_samples_split': 4, 'n_estimators': 10}","{'criterion': 'entropy', 'max_depth': 1, 'min_samples_split': 4, 'n_estimators': 10}","{'criterion': 'gini', 'max_depth': 2, 'min_samples_split': 4, 'n_estimators': 10}","{'criterion': 'gini', 'max_depth': 1, 'min_samples_split': 4, 'n_estimators': 20}","{'criterion': 'entropy', 'max_depth': 6, 'min_samples_split': 4, 'n_estimators': 30}","{'criterion': 'entropy', 'max_depth': 6, 'min_samples_split': 4, 'n_estimators': 30}","{'criterion': 'entropy', 'max_depth': 2, 'min_samples_split': 4, 'n_estimators': 10}","{'criterion': 'entropy', 'max_depth': 1, 'min_samples_split': 4, 'n_estimators': 20}","{'criterion': 'gini', 'max_depth': 5, 'min_samples_split': 4, 'n_estimators': 10}","{'criterion': 'gini', 'max_depth': 2, 'min_samples_split': 4, 'n_estimators': 40}","{'criterion': 'entropy', 'max_depth': 2, 'min_samples_split': 4, 'n_estimators': 10}","{'criterion': 'entropy', 'max_depth': 1, 'min_samples_split': 4, 'n_estimators': 40}","{'criterion': 'entropy', 'max_depth': 9, 'min_samples_split': 4, 'n_estimators': 30}","{'criterion': 'entropy', 'max_depth': 5, 'min_samples_split': 4, 'n_estimators': 20}","{'criterion': 'gini', 'max_depth': 3, 'min_samples_split': 4, 'n_estimators': 10}","{'criterion': 'entropy', 'max_depth': 2, 'min_samples_split': 4, 'n_estimators': 40}","{'criterion': 'entropy', 'max_depth': 2, 'min_samples_split': 4, 'n_estimators': 10}","{'criterion': 'gini', 'max_depth': 2, 'min_samples_split': 4, 'n_estimators': 10}","{'criterion': 'gini', 'max_depth': 9, 'min_samples_split': 4, 'n_estimators': 20}"
5,"{'criterion': 'gini', 'max_depth': 1, 'min_samples_split': 4, 'n_estimators': 10}","{'criterion': 'gini', 'max_depth': 1, 'min_samples_split': 4, 'n_estimators': 20}","{'criterion': 'gini', 'max_depth': 3, 'min_samples_split': 4, 'n_estimators': 10}","{'criterion': 'entropy', 'max_depth': 6, 'min_samples_split': 4, 'n_estimators': 30}","{'criterion': 'entropy', 'max_depth': 8, 'min_samples_split': 4, 'n_estimators': 20}","{'criterion': 'entropy', 'max_depth': 8, 'min_samples_split': 4, 'n_estimators': 10}","{'criterion': 'gini', 'max_depth': 4, 'min_samples_split': 4, 'n_estimators': 10}","{'criterion': 'gini', 'max_depth': 8, 'min_samples_split': 4, 'n_estimators': 10}","{'criterion': 'gini', 'max_depth': 2, 'min_samples_split': 4, 'n_estimators': 10}","{'criterion': 'entropy', 'max_depth': 6, 'min_samples_split': 4, 'n_estimators': 10}","{'criterion': 'gini', 'max_depth': 6, 'min_samples_split': 4, 'n_estimators': 20}","{'criterion': 'gini', 'max_depth': 6, 'min_samples_split': 4, 'n_estimators': 10}","{'criterion': 'gini', 'max_depth': 7, 'min_samples_split': 4, 'n_estimators': 30}","{'criterion': 'gini', 'max_depth': 9, 'min_samples_split': 4, 'n_estimators': 20}","{'criterion': 'gini', 'max_depth': 6, 'min_samples_split': 4, 'n_estimators': 10}","{'criterion': 'entropy', 'max_depth': 1, 'min_samples_split': 4, 'n_estimators': 30}","{'criterion': 'gini', 'max_depth': 7, 'min_samples_split': 4, 'n_estimators': 10}","{'criterion': 'entropy', 'max_depth': 2, 'min_samples_split': 4, 'n_estimators': 10}","{'criterion': 'gini', 'max_depth': 2, 'min_samples_split': 4, 'n_estimators': 30}","{'criterion': 'gini', 'max_depth': 6, 'min_samples_split': 4, 'n_estimators': 20}","{'criterion': 'gini', 'max_depth': 2, 'min_samples_split': 4, 'n_estimators': 30}","{'criterion': 'entropy', 'max_depth': 7, 'min_samples_split': 4, 'n_estimators': 30}","{'criterion': 'gini', 'max_depth': 3, 'min_samples_split': 4, 'n_estimators': 10}","{'criterion': 'entropy', 'max_depth': 3, 'min_samples_split': 4, 'n_estimators': 10}","{'criterion': 'entropy', 'max_depth': 3, 'min_samples_split': 4, 'n_estimators': 30}","{'criterion': 'entropy', 'max_depth': 9, 'min_samples_split': 4, 'n_estimators': 10}","{'criterion': 'entropy', 'max_depth': 3, 'min_samples_split': 4, 'n_estimators': 30}","{'criterion': 'gini', 'max_depth': 5, 'min_samples_split': 4, 'n_estimators': 40}","{'criterion': 'gini', 'max_depth': 1, 'min_samples_split': 4, 'n_estimators': 20}","{'criterion': 'entropy', 'max_depth': 1, 'min_samples_split': 4, 'n_estimators': 20}","{'criterion': 'entropy', 'max_depth': 1, 'min_samples_split': 4, 'n_estimators': 40}","{'criterion': 'gini', 'max_depth': 1, 'min_samples_split': 4, 'n_estimators': 30}","{'criterion': 'gini', 'max_depth': 2, 'min_samples_split': 4, 'n_estimators': 40}","{'criterion': 'gini', 'max_depth': 2, 'min_samples_split': 4, 'n_estimators': 40}","{'criterion': 'entropy', 'max_depth': 2, 'min_samples_split': 4, 'n_estimators': 30}","{'criterion': 'entropy', 'max_depth': 2, 'min_samples_split': 4, 'n_estimators': 30}","{'criterion': 'entropy', 'max_depth': 3, 'min_samples_split': 4, 'n_estimators': 30}","{'criterion': 'gini', 'max_depth': 6, 'min_samples_split': 4, 'n_estimators': 10}","{'criterion': 'gini', 'max_depth': 1, 'min_samples_split': 4, 'n_estimators': 10}"
8,"{'criterion': 'entropy', 'max_depth': 6, 'min_samples_split': 4, 'n_estimators': 10}","{'criterion': 'entropy', 'max_depth': 5, 'min_samples_split': 4, 'n_estimators': 10}","{'criterion': 'entropy', 'max_depth': 1, 'min_samples_split': 4, 'n_estimators': 10}","{'criterion': 'entropy', 'max_depth': 2, 'min_samples_split': 4, 'n_estimators': 20}","{'criterion': 'entropy', 'max_depth': 2, 'min_samples_split': 4, 'n_estimators': 20}","{'criterion': 'entropy', 'max_depth': 1, 'min_samples_split': 4, 'n_estimators': 40}","{'criterion': 'gini', 'max_depth': 1, 'min_samples_split': 4, 'n_estimators': 10}","{'criterion': 'entropy', 'max_depth': 2, 'min_samples_split': 4, 'n_estimators': 10}","{'criterion': 'entropy', 'max_depth': 2, 'min_samples_split': 4, 'n_estimators': 10}","{'criterion': 'gini', 'max_depth': 1, 'min_samples_split': 4, 'n_estimators': 40}","{'criterion': 'gini', 'max_depth': 1, 'min_samples_split': 4, 'n_estimators': 10}","{'criterion': 'gini', 'max_depth': 1, 'min_samples_split': 4, 'n_estimators': 30}","{'criterion': 'entropy', 'max_depth': 1, 'min_samples_split': 4, 'n_estimators': 40}","{'criterion': 'entropy', 'max_depth': 1, 'min_samples_split': 4, 'n_estimators': 40}","{'criterion': 'entropy', 'max_depth': 4, 'min_samples_split': 4, 'n_estimators': 40}","{'criterion': 'entropy', 'max_depth': 1, 'min_samples_split': 4, 'n_estimators': 40}","{'criterion': 'gini', 'max_depth': 4, 'min_samples_split': 4, 'n_estimators': 20}","{'criterion': 'gini', 'max_depth': 1, 'min_samples_split': 4, 'n_estimators': 30}","{'criterion': 'gini', 'max_depth': 1, 'min_samples_split': 4, 'n_estimators': 40}","{'criterion': 'gini', 'max_depth': 1, 'min_samples_split': 4, 'n_estimators': 40}","{'criterion': 'gini', 'max_depth': 1, 'min_samples_split': 4, 'n_estimators': 10}","{'criterion': 'gini', 'max_depth': 1, 'min_samples_split': 4, 'n_estimators': 40}","{'criterion': 'gini', 'max_depth': 2, 'min_samples_split': 4, 'n_estimators': 20}","{'criterion': 'gini', 'max_depth': 1, 'min_samples_split': 4, 'n_estimators': 40}","{'criterion': 'gini', 'max_depth': 1, 'min_samples_split': 4, 'n_estimators': 40}","{'criterion': 'gini', 'max_depth': 2, 'min_samples_split': 4, 'n_estimators': 10}","{'criterion': 'entropy', 'max_depth': 2, 'min_samples_split': 4, 'n_estimators': 40}","{'criterion': 'gini', 'max_depth': 1, 'min_samples_split': 4, 'n_estimators': 30}","{'criterion': 'gini', 'max_depth': 5, 'min_samples_split': 4, 'n_estimators': 30}","{'criterion': 'entropy', 'max_depth': 1, 'min_samples_split': 4, 'n_estimators': 30}","{'criterion': 'entropy', 'max_depth': 1, 'min_samples_split': 4, 'n_estimators': 40}","{'criterion': 'gini', 'max_depth': 1, 'min_samples_split': 4, 'n_estimators': 40}","{'criterion': 'gini', 'max_depth': 1, 'min_samples_split': 4, 'n_estimators': 30}","{'criterion': 'gini', 'max_depth': 1, 'min_samples_split': 4, 'n_estimators': 40}","{'criterion': 'entropy', 'max_depth': 1, 'min_samples_split': 4, 'n_estimators': 40}","{'criterion': 'gini', 'max_depth': 1, 'min_samples_split': 4, 'n_estimators': 40}","{'criterion': 'entropy', 'max_depth': 1, 'min_samples_split': 4, 'n_estimators': 30}","{'criterion': 'gini', 'max_depth': 2, 'min_samples_split': 4, 'n_estimators': 20}","{'criterion': 'entropy', 'max_depth': 1, 'min_samples_split': 4, 'n_estimators': 40}"
9,"{'criterion': 'gini', 'max_depth': 1, 'min_samples_split': 4, 'n_estimators': 40}","{'criterion': 'gini', 'max_depth': 8, 'min_samples_split': 4, 'n_estimators': 10}","{'criterion': 'gini', 'max_depth': 3, 'min_samples_split': 4, 'n_estimators': 10}","{'criterion': 'gini', 'max_depth': 9, 'min_samples_split': 4, 'n_estimators': 10}","{'criterion': 'gini', 'max_depth': 2, 'min_samples_split': 4, 'n_estimators': 10}","{'criterion': 'gini', 'max_depth': 2, 'min_samples_split': 4, 'n_estimators': 10}","{'criterion': 'gini', 'max_depth': 2, 'min_samples_split': 4, 'n_estimators': 10}","{'criterion': 'entropy', 'max_depth': 4, 'min_samples_split': 4, 'n_estimators': 10}","{'criterion': 'entropy', 'max_depth': 6, 'min_samples_split': 4, 'n_estimators': 20}","{'criterion': 'gini', 'max_depth': 1, 'min_samples_split': 4, 'n_estimators': 30}","{'criterion': 'gini', 'max_depth': 1, 'min_samples_split': 4, 'n_estimators': 40}","{'criterion': 'entropy', 'max_depth': 1, 'min_samples_split': 4, 'n_estimators': 40}","{'criterion': 'entropy', 'max_depth': 1, 'min_samples_split': 4, 'n_estimators': 30}","{'criterion': 'gini', 'max_depth': 1, 'min_samples_split': 4, 'n_estimators': 20}","{'criterion': 'entropy', 'max_depth': 3, 'min_samples_split': 4, 'n_estimators': 40}","{'criterion': 'gini', 'max_depth': 1, 'min_samples_split': 4, 'n_estimators': 30}","{'criterion': 'entropy', 'max_depth': 1, 'min_samples_split': 4, 'n_estimators': 40}","{'criterion': 'gini', 'max_depth': 2, 'min_samples_split': 4, 'n_estimators': 20}","{'criterion': 'gini', 'max_depth': 1, 'min_samples_split': 4, 'n_estimators': 40}","{'criterion': 'gini', 'max_depth': 5, 'min_samples_split': 4, 'n_estimators': 20}","{'criterion': 'entropy', 'max_depth': 1, 'min_samples_split': 4, 'n_estimators': 40}","{'criterion': 'gini', 'max_depth': 2, 'min_samples_split': 4, 'n_estimators': 10}","{'criterion': 'gini', 'max_depth': 2, 'min_samples_split': 4, 'n_estimators': 30}","{'criterion': 'entropy', 'max_depth': 9, 'min_samples_split': 4, 'n_estimators': 10}","{'criterion': 'gini', 'max_depth': 2, 'min_samples_split': 4, 'n_estimators': 20}","{'criterion': 'gini', 'max_depth': 2, 'min_samples_split': 4, 'n_estimators': 10}","{'criterion': 'entropy', 'max_depth': 2, 'min_samples_split': 4, 'n_estimators': 10}","{'criterion': 'gini', 'max_depth': 2, 'min_samples_split': 4, 'n_estimators': 40}","{'criterion': 'entropy', 'max_depth': 1, 'min_samples_split': 4, 'n_estimators': 20}","{'criterion': 'entropy', 'max_depth': 1, 'min_samples_split': 4, 'n_estimators': 30}","{'criterion': 'gini', 'max_depth': 2, 'min_samples_split': 4, 'n_estimators': 20}","{'criterion': 'gini', 'max_depth': 3, 'min_samples_split': 4, 'n_estimators': 10}","{'criterion': 'gini', 'max_depth': 2, 'min_samples_split': 4, 'n_estimators': 30}","{'criterion': 'gini', 'max_depth': 2, 'min_samples_split': 4, 'n_estimators': 30}","{'criterion': 'gini', 'max_depth': 2, 'min_samples_split': 4, 'n_estimators': 40}","{'criterion': 'entropy', 'max_depth': 2, 'min_samples_split': 4, 'n_estimators': 40}","{'criterion': 'gini', 'max_depth': 3, 'min_samples_split': 4, 'n_estimators': 30}","{'criterion': 'gini', 'max_depth': 1, 'min_samples_split': 4, 'n_estimators': 40}","{'criterion': 'entropy', 'max_depth': 3, 'min_samples_split': 4, 'n_estimators': 10}"
